[
    {
        "model": "main.vacancy",
        "pk": 1,
        "fields": {
            "owner_id": 4
        }
    },
    {
        "model": "main.vacancy",
        "pk": 2,
        "fields": {
            "owner_id": 3
        }
    },
    {
        "model": "main.vacancy",
        "pk": 3,
        "fields": {
            "owner_id": 4
        }
    },
    {
        "model": "main.vacancy",
        "pk": 4,
        "fields": {
            "owner_id": 4
        }
    },
    {
        "model": "main.vacancy",
        "pk": 5,
        "fields": {
            "owner_id": 4
        }
    },
    {
        "model": "main.vacancy",
        "pk": 6,
        "fields": {
            "owner_id": 4
        }
    },
    {
        "model": "main.vacancy",
        "pk": 7,
        "fields": {
            "owner_id": 4
        }
    },
    {
        "model": "main.vacancy",
        "pk": 8,
        "fields": {
            "owner_id": 3
        }
    },
    {
        "model": "main.vacancy",
        "pk": 9,
        "fields": {
            "owner_id": 4
        }
    },
    {
        "model": "main.candidateskill",
        "pk": 1,
        "fields": {
            "skill_name": "Python",
            "level": "INTERMEDIATE",
            "years_of_experience": 6,
            "last_used_year": "2024",
            "user_id": 2
        }
    },
    {
        "model": "main.candidateskill",
        "pk": 2,
        "fields": {
            "skill_name": "Python",
            "level": "ADVANCED",
            "years_of_experience": 6,
            "last_used_year": "2024",
            "user_id": 7
        }
    },
    {
        "model": "main.candidateskill",
        "pk": 3,
        "fields": {
            "skill_name": "English",
            "level": "INTERMEDIATE",
            "years_of_experience": 2,
            "last_used_year": "2024",
            "user_id": 7
        }
    },
    {
        "model": "main.candidateskill",
        "pk": 4,
        "fields": {
            "skill_name": "JavaScript",
            "level": "BEGINNER",
            "years_of_experience": 3,
            "last_used_year": "2024",
            "user_id": 7
        }
    },
    {
        "model": "main.candidateskill",
        "pk": 5,
        "fields": {
            "skill_name": "Java",
            "level": "BEGINNER",
            "years_of_experience": 1,
            "last_used_year": "2024",
            "user_id": 7
        }
    },
    {
        "model": "main.candidateskill",
        "pk": 6,
        "fields": {
            "skill_name": "Python",
            "level": "INTERMEDIATE",
            "years_of_experience": 2,
            "last_used_year": "2024",
            "user_id": 6
        }
    },
    {
        "model": "main.candidateskill",
        "pk": 7,
        "fields": {
            "skill_name": "Java",
            "level": "INTERMEDIATE",
            "years_of_experience": 2,
            "last_used_year": "2024",
            "user_id": 6
        }
    },
    {
        "model": "main.candidateskill",
        "pk": 8,
        "fields": {
            "skill_name": "Redis",
            "level": "INTERMEDIATE",
            "years_of_experience": 2,
            "last_used_year": "2024",
            "user_id": 6
        }
    },
    {
        "model": "main.candidateskill",
        "pk": 9,
        "fields": {
            "skill_name": "English",
            "level": "ADVANCED",
            "years_of_experience": 6,
            "last_used_year": "2024",
            "user_id": 6
        }
    },
    {
        "model": "main.candidateskill",
        "pk": 10,
        "fields": {
            "skill_name": "C#",
            "level": "ADVANCED",
            "years_of_experience": 6,
            "last_used_year": "2024",
            "user_id": 5
        }
    },
    {
        "model": "main.candidateskill",
        "pk": 11,
        "fields": {
            "skill_name": "C++",
            "level": "INTERMEDIATE",
            "years_of_experience": 2,
            "last_used_year": "2024",
            "user_id": 5
        }
    },
    {
        "model": "main.candidateskill",
        "pk": 12,
        "fields": {
            "skill_name": "C",
            "level": "BEGINNER",
            "years_of_experience": 1,
            "last_used_year": "2024",
            "user_id": 5
        }
    },
    {
        "model": "main.candidateskill",
        "pk": 13,
        "fields": {
            "skill_name": "English",
            "level": "INTERMEDIATE",
            "years_of_experience": 3,
            "last_used_year": "2024",
            "user_id": 5
        }
    },
    {
        "model": "main.candidateskill",
        "pk": 14,
        "fields": {
            "skill_name": "English",
            "level": "INTERMEDIATE",
            "years_of_experience": 2,
            "last_used_year": "2024",
            "user_id": 4
        }
    },
    {
        "model": "main.candidateskill",
        "pk": 15,
        "fields": {
            "skill_name": "Java",
            "level": "ADVANCED",
            "years_of_experience": 6,
            "last_used_year": "2024",
            "user_id": 4
        }
    },
    {
        "model": "main.candidateskill",
        "pk": 16,
        "fields": {
            "skill_name": "JavaScript",
            "level": "ADVANCED",
            "years_of_experience": 6,
            "last_used_year": "2024",
            "user_id": 4
        }
    },
    {
        "model": "main.candidateskill",
        "pk": 17,
        "fields": {
            "skill_name": "C",
            "level": "BEGINNER",
            "years_of_experience": 1,
            "last_used_year": "2024",
            "user_id": 4
        }
    },
    {
        "model": "main.candidateskill",
        "pk": 18,
        "fields": {
            "skill_name": "JavaScript",
            "level": "INTERMEDIATE",
            "years_of_experience": 3,
            "last_used_year": "2024",
            "user_id": 2
        }
    },
    {
        "model": "main.candidateskill",
        "pk": 19,
        "fields": {
            "skill_name": "English",
            "level": "INTERMEDIATE",
            "years_of_experience": 2,
            "last_used_year": "2024",
            "user_id": 2
        }
    },
    {
        "model": "main.candidateskill",
        "pk": 20,
        "fields": {
            "skill_name": "Java",
            "level": "BEGINNER",
            "years_of_experience": 1,
            "last_used_year": "2024",
            "user_id": 2
        }
    },
    {
        "model": "main.candidateskill",
        "pk": 21,
        "fields": {
            "skill_name": "PytHon",
            "level": "ADVANCED",
            "years_of_experience": 6,
            "last_used_year": "2024",
            "user_id": 1
        }
    },
    {
        "model": "main.candidateskill",
        "pk": 22,
        "fields": {
            "skill_name": "English",
            "level": "INTERMEDIATE",
            "years_of_experience": 3,
            "last_used_year": "2024",
            "user_id": 1
        }
    },
    {
        "model": "main.candidateskill",
        "pk": 23,
        "fields": {
            "skill_name": "Java",
            "level": "BEGINNER",
            "years_of_experience": 1,
            "last_used_year": "2024",
            "user_id": 1
        }
    },
    {
        "model": "main.candidateskill",
        "pk": 24,
        "fields": {
            "skill_name": "C++",
            "level": "INTERMEDIATE",
            "years_of_experience": 2,
            "last_used_year": "2024",
            "user_id": 1
        }
    },
    {
        "model": "main.recruiterskill",
        "pk": 1,
        "fields": {
            "skill_name": "Python",
            "min_level": "INTERMEDIATE",
            "min_years_of_experience": 3,
            "vacancy_id": 1
        }
    },
    {
        "model": "main.recruiterskill",
        "pk": 2,
        "fields": {
            "skill_name": "English",
            "min_level": "INTERMEDIATE",
            "min_years_of_experience": 3,
            "vacancy_id": 1
        }
    },
    {
        "model": "main.recruiterskill",
        "pk": 3,
        "fields": {
            "skill_name": "Python",
            "min_level": "ADVANCED",
            "min_years_of_experience": 6,
            "vacancy_id": 2
        }
    },
    {
        "model": "main.recruiterskill",
        "pk": 4,
        "fields": {
            "skill_name": "English",
            "min_level": "ADVANCED",
            "min_years_of_experience": 6,
            "vacancy_id": 2
        }
    },
    {
        "model": "main.recruiterskill",
        "pk": 5,
        "fields": {
            "skill_name": "Java",
            "min_level": "INTERMEDIATE",
            "min_years_of_experience": 2,
            "vacancy_id": 2
        }
    },
    {
        "model": "main.recruiterskill",
        "pk": 6,
        "fields": {
            "skill_name": "Redis",
            "min_level": "ADVANCED",
            "min_years_of_experience": 1,
            "vacancy_id": 2
        }
    },
    {
        "model": "main.recruiterskill",
        "pk": 7,
        "fields": {
            "skill_name": "C++",
            "min_level": "INTERMEDIATE",
            "min_years_of_experience": 3,
            "vacancy_id": 3
        }
    },
    {
        "model": "main.recruiterskill",
        "pk": 8,
        "fields": {
            "skill_name": "C",
            "min_level": "INTERMEDIATE",
            "min_years_of_experience": 3,
            "vacancy_id": 3
        }
    },
    {
        "model": "main.recruiterskill",
        "pk": 9,
        "fields": {
            "skill_name": "English",
            "min_level": "ADVANCED",
            "min_years_of_experience": 6,
            "vacancy_id": 3
        }
    },
    {
        "model": "main.recruiterskill",
        "pk": 10,
        "fields": {
            "skill_name": "Java",
            "min_level": "INTERMEDIATE",
            "min_years_of_experience": 2,
            "vacancy_id": 3
        }
    },
    {
        "model": "main.recruiterskill",
        "pk": 11,
        "fields": {
            "skill_name": "Python",
            "min_level": "INTERMEDIATE",
            "min_years_of_experience": 2,
            "vacancy_id": 4
        }
    },
    {
        "model": "main.recruiterskill",
        "pk": 12,
        "fields": {
            "skill_name": "Redis",
            "min_level": "INTERMEDIATE",
            "min_years_of_experience": 5,
            "vacancy_id": 4
        }
    },
    {
        "model": "main.recruiterskill",
        "pk": 13,
        "fields": {
            "skill_name": "Java",
            "min_level": "ADVANCED",
            "min_years_of_experience": 6,
            "vacancy_id": 5
        }
    },
    {
        "model": "main.recruiterskill",
        "pk": 14,
        "fields": {
            "skill_name": "English",
            "min_level": "INTERMEDIATE",
            "min_years_of_experience": 1,
            "vacancy_id": 5
        }
    },
    {
        "model": "main.recruiterskill",
        "pk": 15,
        "fields": {
            "skill_name": "JavaScript",
            "min_level": "INTERMEDIATE",
            "min_years_of_experience": 3,
            "vacancy_id": 5
        }
    },
    {
        "model": "main.recruiterskill",
        "pk": 16,
        "fields": {
            "skill_name": "Java",
            "min_level": "BEGINNER",
            "min_years_of_experience": 1,
            "vacancy_id": 5
        }
    },
    {
        "model": "main.recruiterskill",
        "pk": 17,
        "fields": {
            "skill_name": "English",
            "min_level": "ADVANCED",
            "min_years_of_experience": 6,
            "vacancy_id": 6
        }
    },
    {
        "model": "main.recruiterskill",
        "pk": 18,
        "fields": {
            "skill_name": "Python",
            "min_level": "ADVANCED",
            "min_years_of_experience": 6,
            "vacancy_id": 6
        }
    },
    {
        "model": "main.recruiterskill",
        "pk": 19,
        "fields": {
            "skill_name": "C++",
            "min_level": "INTERMEDIATE",
            "min_years_of_experience": 2,
            "vacancy_id": 6
        }
    },
    {
        "model": "main.recruiterskill",
        "pk": 20,
        "fields": {
            "skill_name": "JavaScrit",
            "min_level": "ADVANCED",
            "min_years_of_experience": 3,
            "vacancy_id": 6
        }
    },
    {
        "model": "main.recruiterskill",
        "pk": 21,
        "fields": {
            "skill_name": "Java",
            "min_level": "INTERMEDIATE",
            "min_years_of_experience": 2,
            "vacancy_id": 7
        }
    },
    {
        "model": "main.recruiterskill",
        "pk": 22,
        "fields": {
            "skill_name": "Redis",
            "min_level": "INTERMEDIATE",
            "min_years_of_experience": 1,
            "vacancy_id": 7
        }
    },
    {
        "model": "main.recruiterskill",
        "pk": 23,
        "fields": {
            "skill_name": "English",
            "min_level": "BEGINNER",
            "min_years_of_experience": 1,
            "vacancy_id": 7
        }
    },
    {
        "model": "main.recruiterskill",
        "pk": 24,
        "fields": {
            "skill_name": "Python",
            "min_level": "INTERMEDIATE",
            "min_years_of_experience": 3,
            "vacancy_id": 8
        }
    },
    {
        "model": "main.recruiterskill",
        "pk": 25,
        "fields": {
            "skill_name": "Enlgish",
            "min_level": "INTERMEDIATE",
            "min_years_of_experience": 3,
            "vacancy_id": 8
        }
    },
    {
        "model": "main.recruiterskill",
        "pk": 26,
        "fields": {
            "skill_name": "JavaScript",
            "min_level": "INTERMEDIATE",
            "min_years_of_experience": 3,
            "vacancy_id": 8
        }
    },
    {
        "model": "main.recruiterskill",
        "pk": 27,
        "fields": {
            "skill_name": "Java",
            "min_level": "ADVANCED",
            "min_years_of_experience": 4,
            "vacancy_id": 9
        }
    },
    {
        "model": "main.recruiterskill",
        "pk": 28,
        "fields": {
            "skill_name": "English",
            "min_level": "INTERMEDIATE",
            "min_years_of_experience": 3,
            "vacancy_id": 9
        }
    },
    {
        "model": "main.recruiterskill",
        "pk": 29,
        "fields": {
            "skill_name": "JavaScript",
            "min_level": "INTERMEDIATE",
            "min_years_of_experience": 2,
            "vacancy_id": 9
        }
    },
    {
        "model": "main.recruiterskill",
        "pk": 30,
        "fields": {
            "skill_name": "Redis",
            "min_level": "INTERMEDIATE",
            "min_years_of_experience": 2,
            "vacancy_id": 9
        }
    },
    {
        "model": "user.user",
        "pk": 1,
        "fields": {
            "password": "pbkdf2_sha256$870000$lVc7zQLo8EmiUkB5lGyytC$kbD3gc6xRz7Z9PPfhGgLDfp0BJFON4tu1ZqLFR5tSoA=",
            "last_login": "2024-10-18T15:48:18.333Z",
            "is_superuser": true,
            "username": "lanterman",
            "first_name": "stringqq",
            "last_name": "stringq",
            "is_staff": true,
            "is_active": true,
            "date_joined": "2024-10-18T15:48:12.102Z",
            "role": "CANDIDATE",
            "created_in": "2024-10-18T15:48:12.599Z",
            "email": "ofpuw@mailto.plus",
            "hashed_password": "EqLZIEMXFgos$1e7bd9076127ffe27a3f8ea671d661d5773e74d3cbd1ff11939f4246f8cb9b0b",
            "groups": [],
            "user_permissions": []
        }
    },
    {
        "model": "user.user",
        "pk": 2,
        "fields": {
            "password": "",
            "last_login": null,
            "is_superuser": false,
            "username": "lanterman1",
            "first_name": "string",
            "last_name": "string",
            "is_staff": false,
            "is_active": true,
            "date_joined": "2024-10-18T15:49:12.197Z",
            "role": "CANDIDATE",
            "created_in": "2024-10-18T15:49:12.197Z",
            "email": "uxyyhb@mailto.plus",
            "hashed_password": "lyGJqVczILxf$f886915f9500294c33fc9bf1c878be9eb9180fd8e8b4c56b638e710243b89dd7",
            "groups": [],
            "user_permissions": []
        }
    },
    {
        "model": "user.user",
        "pk": 3,
        "fields": {
            "password": "",
            "last_login": null,
            "is_superuser": false,
            "username": "recruiter",
            "first_name": "string",
            "last_name": "string",
            "is_staff": false,
            "is_active": true,
            "date_joined": "2024-10-18T15:53:20.144Z",
            "role": "RECRUITER",
            "created_in": "2024-10-18T15:53:20.144Z",
            "email": "tuuqy@mailto.plus",
            "hashed_password": "FjJQtUvtFZHj$c7d4cea406445f53df32631a62838f9d78a052ed71f54e357ff9c94b38b8a657",
            "groups": [],
            "user_permissions": []
        }
    },
    {
        "model": "user.user",
        "pk": 4,
        "fields": {
            "password": "",
            "last_login": null,
            "is_superuser": false,
            "username": "recruiter1",
            "first_name": "string",
            "last_name": "string",
            "is_staff": false,
            "is_active": true,
            "date_joined": "2024-10-18T15:53:44.686Z",
            "role": "RECRUITER",
            "created_in": "2024-10-18T15:53:44.687Z",
            "email": "wecozq@mailto.plus",
            "hashed_password": "FCSbfkLwEwte$8ad9bbf2aca159275ea215e97e467d3bc778bc5b7242e3c8b97145484a1cbeb4",
            "groups": [],
            "user_permissions": []
        }
    },
    {
        "model": "user.user",
        "pk": 5,
        "fields": {
            "password": "",
            "last_login": null,
            "is_superuser": false,
            "username": "string",
            "first_name": "string",
            "last_name": "string",
            "is_staff": false,
            "is_active": true,
            "date_joined": "2024-10-18T19:37:19.401Z",
            "role": "CANDIDATE",
            "created_in": "2024-10-18T19:37:19.402Z",
            "email": "user123@example.com",
            "hashed_password": "kgEisjAqmCAA$dea8a45195011f710eddfe2b086fe4df4f0d55ed627bd9f357af5dce20a0b56e",
            "groups": [],
            "user_permissions": []
        }
    },
    {
        "model": "user.user",
        "pk": 6,
        "fields": {
            "password": "",
            "last_login": null,
            "is_superuser": false,
            "username": "userstart1",
            "first_name": "string",
            "last_name": "string",
            "is_staff": false,
            "is_active": true,
            "date_joined": "2024-10-18T19:37:29.098Z",
            "role": "CANDIDATE",
            "created_in": "2024-10-18T19:37:29.098Z",
            "email": "user1231@example.com",
            "hashed_password": "dYDKdjvPYOdP$dc872ba3b67d74f50c0021fe46a68630c97fea8ff6f08f66092f6a8327fbf864",
            "groups": [],
            "user_permissions": []
        }
    },
    {
        "model": "user.user",
        "pk": 7,
        "fields": {
            "password": "",
            "last_login": null,
            "is_superuser": false,
            "username": "userstart11",
            "first_name": "string",
            "last_name": "string",
            "is_staff": false,
            "is_active": true,
            "date_joined": "2024-10-18T19:37:38.154Z",
            "role": "CANDIDATE",
            "created_in": "2024-10-18T19:37:38.154Z",
            "email": "user12311@example.com",
            "hashed_password": "TRBloELBQmqW$8111e4f4b9a1cc006777472902a4d738506faff50a73b674c02103acb2f26794",
            "groups": [],
            "user_permissions": []
        }
    },
    {
        "model": "user.secretkey",
        "pk": 1,
        "fields": {
            "key": "8e9ff9fec4027d71d01445b518fe7bff4073a0424e649b2d68fcf85aa1d2d6e1",
            "created": "2024-10-10T06:46:41.499Z",
            "user": 1
        }
    },
    {
        "model": "user.secretkey",
        "pk": 2,
        "fields": {
            "key": "f065868f2ef8d3e623b3ec36b0596dc09ee61273ac0d6677fd9ba279a68a75e8",
            "created": "2024-10-09T10:07:25.068Z",
            "user": 2
        }
    },
    {
        "model": "user.secretkey",
        "pk": 3,
        "fields": {
            "key": "0596e1ac6a7d838fd655b4459276d2e80c2f5ff48210948a0caad4da4d9702c9",
            "created": "2024-10-18T17:26:02.153Z",
            "user": 4
        }
    },
    {
        "model": "user.secretkey",
        "pk": 4,
        "fields": {
            "key": "c39bfd72904ee72fc8d8420aa21058aff2965d352efb277959d1aef8b67f6e96",
            "created": "2024-10-18T19:37:19.443Z",
            "user": 5
        }
    },
    {
        "model": "user.secretkey",
        "pk": 5,
        "fields": {
            "key": "331258fb17f474b14e3ed3ae5534b06c06833ce342b3e16ddb15b2fc67e128a1",
            "created": "2024-10-09T10:42:27.498Z",
            "user": 5
        }
    },
    {
        "model": "user.secretkey",
        "pk": 6,
        "fields": {
            "key": "0159a63af26e4716a6d28d5ef24cf26cbb56502eeb13cb11f14e8b4080cd59b9",
            "created": "2024-10-18T19:37:38.175Z",
            "user": 7
        }
    },
    {
        "model": "user.jwttoken",
        "pk": 1,
        "fields": {
            "access_token": "eyJhbGciOiJIUzI1NiIsInR5cCI6IkpXVCJ9.eyJ1c2VyX2lkIjoxLCJ0eXBlX3Rva2VuIjoiYWNjZXNzIn0.uEJcb6fllQbXw0uVvvBSOqj-LYZyrMnVRTr-Y9IkaSY",
            "refresh_token": "eyJhbGciOiJIUzI1NiIsInR5cCI6IkpXVCJ9.eyJ1c2VyX2lkIjoxLCJ0eXBlX3Rva2VuIjoicmVmcmVzaCJ9.yQPSbhiprd0jLeAaSP4WvW-Wi8Wp756UCZa_S3b9RjU",
            "created": "2024-11-10T06:46:41.710Z",
            "user": 1
        }
    },
    {
        "model": "user.jwttoken",
        "pk": 2,
        "fields": {
            "access_token": "eyJhbGciOiJIUzI1NiIsInR5cCI6IkpXVCJ9.eyJ1c2VyX2lkIjoyLCJ0eXBlX3Rva2VuIjoiYWNjZXNzIn0.rueFsJh-9Q7hnSDAw8CyQku3csfgUU2I8duyiyOaGX4",
            "refresh_token": "eyJhbGciOiJIUzI1NiIsInR5cCI6IkpXVCJ9.eyJ1c2VyX2lkIjoyLCJ0eXBlX3Rva2VuIjoicmVmcmVzaCJ9.mJnrjlRVVEDAtIF7b_eK46eeD4aoTABXTPKP6jYbrRk",
            "created": "2023-9-09T10:07:25.084Z",
            "user": 2
        }
    },
    {
        "model": "user.jwttoken",
        "pk": 3,
        "fields": {
            "access_token": "eyJhbGciOiJIUzI1NiIsInR5cCI6IkpXVCJ9.eyJ1c2VyX2lkIjo0LCJ0eXBlX3Rva2VuIjoiYWNjZXNzIn0.r-UmQzMla2UAxe8qeZt9ApAjl8FpY9fGsvPltTJn0y8",
            "refresh_token": "eyJhbGciOiJIUzI1NiIsInR5cCI6IkpXVCJ9.eyJ1c2VyX2lkIjo0LCJ0eXBlX3Rva2VuIjoicmVmcmVzaCJ9.n_OHI2fnJtG06fJCMn6JOe3oxv6doXO8ICaFua5cwF4",
            "created": "2024-11-18T17:26:02.171Z",
            "user": 3
        }
    },
    {
        "model": "user.jwttoken",
        "pk": 4,
        "fields": {
            "access_token": "eyJhbGciOiJIUzI1NiIsInR5cCI6IkpXVCJ9.eyJ1c2VyX2lkIjo1LCJ0eXBlX3Rva2VuIjoiYWNjZXNzIn0.2fnUQjDd7vjL9oVihEM2GSTtCKv32NpPArIgdUdFjr8",
            "refresh_token": "eyJhbGciOiJIUzI1NiIsInR5cCI6IkpXVCJ9.eyJ1c2VyX2lkIjo1LCJ0eXBlX3Rva2VuIjoicmVmcmVzaCJ9.ViV-TkzNklUYaQkYTxsQzNxVcw7mGXP0zMCc-ysTsFA",
            "created": "2024-10-18T19:37:19.460Z",
            "user": 4
        }
    },
    {
        "model": "user.jwttoken",
        "pk": 5,
        "fields": {
            "access_token": "eyJhbGciOiJIUzI1NiIsInR5cCI6IkpXVCJ9.eyJ1c2VyX2lkIjo0LCJ0eXBlX3Rva2VuIjoiYWNjZXNzIn0.bHVvHOTgZ9TBycJjMsIn35Ly4ekCnLGsXtVZx416Ic4",
            "refresh_token": "eyJhbGciOiJIUzI1NiIsInR5cCI6IkpXVCJ9.eyJ1c2VyX2lkIjo0LCJ0eXBlX3Rva2VuIjoicmVmcmVzaCJ9.PJWAq-Rph7iFgo9fwi0enUAUJCtCgh3eErXJe8OEky0",
            "created": "2024-11-09T10:42:27.506Z",
            "user": 5
        }
    },
    {
        "model": "user.jwttoken",
        "pk": 6,
        "fields": {
            "access_token": "eyJhbGciOiJIUzI1NiIsInR5cCI6IkpXVCJ9.eyJ1c2VyX2lkIjo3LCJ0eXBlX3Rva2VuIjoiYWNjZXNzIn0.bKmXvfRl99sRiMT0AAF41vJBnALQFRaE06NDqfvOaZA",
            "refresh_token": "eyJhbGciOiJIUzI1NiIsInR5cCI6IkpXVCJ9.eyJ1c2VyX2lkIjo3LCJ0eXBlX3Rva2VuIjoicmVmcmVzaCJ9.YgAUsGGrNC_kiqy6gH1ECJooK0vbL10uLI3Bf4I7qBc",
            "created": "2024-10-18T19:37:38.187Z",
            "user": 7
        }
    }
]
